{"cameraMode":{"drawMode":0,"name":"Shaded","section":"Shading Mode"},"sceneLighting":false,"audioPlay":false,"sceneViewState":{"m_AlwaysRefresh":false,"showFog":true,"showSkybox":false,"showFlares":true,"showImageEffects":true,"showParticleSystems":true,"showVisualEffectGraphs":true,"m_FxEnabled":true},"in2DMode":false,"pivot":{"x":-0.015485573559999466,"y":1.4742584228515626,"z":-0.06151153892278671},"rotation":{"x":-0.0087587283924222,"y":0.9808033108711243,"z":-0.18945159018039704,"w":-0.04534447193145752},"size":1.4920119047164918,"orthographic":false}